-- Enable UUID extension
CREATE EXTENSION IF NOT EXISTS "uuid-ossp";

-- Categories
CREATE TABLE IF NOT EXISTS categories (
    id UUID PRIMARY KEY DEFAULT uuid_generate_v4(),
    name TEXT NOT NULL,
    created_at TIMESTAMPTZ DEFAULT NOW()
);

-- Brands (sub-categories per brand)
CREATE TABLE IF NOT EXISTS brands (
    id UUID PRIMARY KEY DEFAULT uuid_generate_v4(),
    name TEXT NOT NULL,
    category_id UUID NOT NULL REFERENCES categories(id) ON DELETE CASCADE,
    created_at TIMESTAMPTZ DEFAULT NOW()
);

-- Products
CREATE TABLE IF NOT EXISTS products (
    id UUID PRIMARY KEY DEFAULT uuid_generate_v4(),
    name TEXT NOT NULL,
    price DECIMAL(10,2) NOT NULL CHECK (price >= 0),
    brand_id UUID NOT NULL REFERENCES brands(id) ON DELETE CASCADE,
    category_id UUID NOT NULL REFERENCES categories(id) ON DELETE CASCADE,
    image_url TEXT,
    created_at TIMESTAMPTZ DEFAULT NOW()
);

-- Enable Row Level Security
ALTER TABLE categories ENABLE ROW LEVEL SECURITY;
ALTER TABLE brands ENABLE ROW LEVEL SECURITY;
ALTER TABLE products ENABLE ROW LEVEL SECURITY;

-- Public read policies (anon key can read)
CREATE POLICY "public_read_categories" ON categories FOR SELECT USING (true);
CREATE POLICY "public_read_brands" ON brands FOR SELECT USING (true);
CREATE POLICY "public_read_products" ON products FOR SELECT USING (true);

-- Sample data
INSERT INTO categories (id, name) VALUES
    ('11111111-1111-1111-1111-111111111111', 'Electronics'),
    ('22222222-2222-2222-2222-222222222222', 'Clothing'),
    ('33333333-3333-3333-3333-333333333333', 'Home & Kitchen');

INSERT INTO brands (id, name, category_id) VALUES
    ('aaaa0001-0000-0000-0000-000000000001', 'Samsung', '11111111-1111-1111-1111-111111111111'),
    ('aaaa0001-0000-0000-0000-000000000002', 'Apple', '11111111-1111-1111-1111-111111111111'),
    ('aaaa0001-0000-0000-0000-000000000003', 'Sony', '11111111-1111-1111-1111-111111111111'),
    ('aaaa0002-0000-0000-0000-000000000001', 'Nike', '22222222-2222-2222-2222-222222222222'),
    ('aaaa0002-0000-0000-0000-000000000002', 'Adidas', '22222222-2222-2222-2222-222222222222'),
    ('aaaa0003-0000-0000-0000-000000000001', 'Philips', '33333333-3333-3333-3333-333333333333'),
    ('aaaa0003-0000-0000-0000-000000000002', 'Bosch', '33333333-3333-3333-3333-333333333333');

INSERT INTO products (name, price, brand_id, category_id) VALUES
    ('Samsung Galaxy S24', 15999.99, 'aaaa0001-0000-0000-0000-000000000001', '11111111-1111-1111-1111-111111111111'),
    ('Samsung QLED TV 55"', 25999.99, 'aaaa0001-0000-0000-0000-000000000001', '11111111-1111-1111-1111-111111111111'),
    ('Apple iPhone 16 Pro', 29999.99, 'aaaa0001-0000-0000-0000-000000000002', '11111111-1111-1111-1111-111111111111'),
    ('Apple MacBook Air M3', 39999.99, 'aaaa0001-0000-0000-0000-000000000002', '11111111-1111-1111-1111-111111111111'),
    ('Sony WH-1000XM5', 8999.99, 'aaaa0001-0000-0000-0000-000000000003', '11111111-1111-1111-1111-111111111111'),
    ('Nike Air Max 270', 2499.99, 'aaaa0002-0000-0000-0000-000000000001', '22222222-2222-2222-2222-222222222222'),
    ('Nike Dri-FIT T-Shirt', 599.99, 'aaaa0002-0000-0000-0000-000000000001', '22222222-2222-2222-2222-222222222222'),
    ('Adidas Ultraboost 22', 2899.99, 'aaaa0002-0000-0000-0000-000000000002', '22222222-2222-2222-2222-222222222222'),
    ('Philips Air Fryer', 3499.99, 'aaaa0003-0000-0000-0000-000000000001', '33333333-3333-3333-3333-333333333333'),
    ('Bosch Coffee Maker', 2199.99, 'aaaa0003-0000-0000-0000-000000000002', '33333333-3333-3333-3333-333333333333');
